No,Symbol,Company Name,Company Name in Thai,Industry group,"Year 2023
(192 Companies)","Year 2022
(166 Companies)","Year 2021
(143 Companies)","Year 2020
(120 Companies)","Year 2019
(94 Companies)","Year 2018
(76 Companies)","Year 2017
(62 Companies)","Year 2016
(49 Companies)","Year 2015
(50 Companies)"
1,AAV,ASIA AVIATION PCL,?????? ?????? ??????????  ?????? (?????),Services,,Yes,Yes,Yes,Yes,,,,
2,ACE,ABSOLUTE CLEAN ENERGY PCL,?????? ????????? ???? ???????????? ?????? (?????),Resources,AA,Yes,,,,,,,
3,ADB,APPLIED DB PCL,?????? ???????? ???? ?????? (?????),Industrials,A,Yes,Yes,,,,,,
4,ADVANC,ADVANCED INFO SERVICE PCL,?????? ???????? ??????? ???????? ?????? (?????),Technology,AAA,Yes,Yes,Yes,Yes,Yes,Yes,Yes,Yes
5,AGE,ASIA GREEN ENERGY PCL,?????? ?????? ???? ???????? ?????? (?????),Resources,BBB,Yes,Yes,Yes,Yes,Yes,,,
6,AH,AAPICO HITECH PCL,?????? ?????? ????? ?????? (?????),Industrials,A,Yes,Yes,Yes,,Yes,,,
7,AJ,A.J. PLAST PCL,?????? ??.??.?????? ?????? (?????),Industrials,AAA,Yes,,,,,,,
8,AKP,AKKHIE PRAKARN PCL,?????? ??????????? ?????? (?????),Services,,Yes,Yes,Yes,Yes,Yes,Yes,Yes,Yes
9,AMATA,AMATA CORPORATION PCL,?????? ???? ??????????? ?????? (?????),Property & Construction,AAA,Yes,Yes,Yes,Yes,Yes,,,
10,AMATAV,AMATA VN PCL,?????? ???? ?????? ?????? (?????),Property & Construction,AA,Yes,Yes,Yes,,,,,
11,AOT,AIRPORTS OF THAILAND PCL,?????? ?????????????? ?????? (?????),Services,A,Yes,Yes,Yes,Yes,Yes,Yes,Yes,Yes
12,AP,AP (THAILAND) PCL,?????? ???? (????????)  ?????? (?????),Property & Construction,AA,Yes,,,,,,,
13,ARROW,ARROW SYNDICATE PCL,?????? ???????? ???????? ?????? (?????),Property & Construction,BBB,Yes,Yes,,,,,,
14,ASIAN,ASIAN SEA CORPORATION PCL,?????? ?????????? ????????????  ?????? (?????),Agro & Food Industry,,Yes,Yes,,,,,,
15,ASW,ASSETWISE PCL,?????? ?????????? ?????? (?????),Property & Construction,A,Yes,,,,,,,
16,AWC,ASSET WORLD PCL,?????? ?????? ?????? ????? ?????? (?????),Property & Construction,A,Yes,Yes,,,,,,
17,BA,BANGKOK AIRWAYS PCL,?????? ????????????? ?????? (?????),Services,BBB,,,,,,,,
18,BAFS,BANGKOK AVIATION FUEL SERVICES PCL,?????? ????????????????????????????? ?????? (?????),Resources,AA,Yes,Yes,Yes,Yes,Yes,Yes,Yes,Yes
19,BAM,BANGKOK COMMERCIAL ASSET MANAGEMENT PCL,????????????????????? ?????????????? ?????? (?????),Financials,AA,Yes,,,,,,,
20,BANPU,BANPU PCL,?????? ?????? ?????? (?????),Resources,AAA,Yes,Yes,Yes,Yes,Yes,Yes,Yes,Yes
21,BAY,BANK OF AYUDHYA PCL,??????????????????? ?????? (?????),Financials,AAA,Yes,Yes,Yes,Yes,Yes,Yes,Yes,
22,BBL,BANGKOK BANK PCL,????????????? ?????? (?????),Financials,AA,Yes,Yes,Yes,Yes,Yes,Yes,Yes,
23,BBGI,BBGI PCL,?????? ???????? ?????? (?????),Resources,AA,,,,,,,,
24,BCH,BANGKOK CHAIN HOSPITAL PCL,?????? ?????? ??? ???????? ?????? (?????),Services,AA,,,,,,,,
25,BCP,BANGCHAK CORPORATION PCL,?????? ?????? ????????????  ?????? (?????),Resources,AAA,Yes,Yes,Yes,Yes,Yes,Yes,Yes,Yes
26,BCPG,BCPG PCL,?????? ???????? ?????? (?????),Resources,AA,Yes,Yes,,,,,,
27,BDMS,BANGKOK DUSIT MEDICAL SERVICES PCL,?????? ?????????????????? ?????? (?????),Services,AA,Yes,Yes,Yes,,,,,
28,BEM,BANGKOK EXPRESSWAY AND METRO PCL,?????? ???????????????????????? ?????? (?????),Services,AA,Yes,Yes,Yes,Yes,Yes,Yes,,Yes
29,BGC,BG CONTAINER GLASS PCL,?????? ???? ??????????? ????? ?????? (?????),Industrials,AA,Yes,Yes,,,,,,
30,BGRIM,B.GRIMM POWER PCL,?????? ??.???? ???????? ?????? (?????),Resources,AAA,Yes,Yes,Yes,Yes,Yes,,,
31,BJC,BERLI JUCKER PCL,?????? ???????? ???????? ?????? (?????),Services,AA,Yes,Yes,Yes,,,,,
32,BKIH,BKI HOLDINGS PCL,?????? ?????? ????????? ?????? (?????),Financials,AAA,Yes,,,,,,,
33,BLA,BANGKOK LIFE ASSURANCE PCL,?????? ?????????????????? ?????? (?????),Financials,AA,Yes,Yes,,,,,,
34,BPP,BANPU POWER PCL,?????? ?????? ???????? ?????? (?????),Resources,AAA,Yes,Yes,Yes,Yes,Yes,,,
35,BRI,BRITANIA PCL,?????? ????????? ?????? (?????),Property & Construction,AA,,,,,,,,
36,BRR,BURIRAM SUGAR PCL,?????? ??????????????? ?????? (?????),Agro & Food Industry,,,,Yes,,,,,
37,BTS,BTS GROUP HOLDINGS PCL,?????? ??????? ????? ????????? ?????? (?????),Services,AA,Yes,Yes,Yes,Yes,,,,
38,BWG,BETTER WORLD GREEN PCL,?????? ???????? ?????? ???? ?????? (?????),Services,,Yes,Yes,Yes,Yes,Yes,Yes,Yes,Yes
39,CBG,CARABAO GROUP PCL,?????? ???????????? ?????? (?????),Agro & Food Industry,A,Yes,,,,,,,
40,CENTEL,CENTRAL PLAZA HOTEL PCL,?????? ??????????????????? ?????? (?????),Services,A,Yes,Yes,Yes,Yes,Yes,,,
41,CFRESH,SEAFRESH INDUSTRY PCL,?????? ??????????????? ?????? (?????),Agro & Food Industry,A,Yes,Yes,Yes,Yes,Yes,Yes,Yes,Yes
42,CHO,CHO THAVEE PCL,?????? ? ??? ?????? (?????),Industrials,,,,,Yes,Yes,Yes,Yes,Yes
43,CK,CH. KARNCHANG PCL,?????? ?.??????? ?????? (?????),Property & Construction,A,,Yes,Yes,,Yes,,,
44,CKP,CK POWER PCL,?????? ???? ???????? ?????? (?????),Resources,AAA,Yes,Yes,Yes,,,,,
45,CM,CHIANGMAI FROZEN FOODS PCL,?????? ?????????????????????? ?????? (?????),Agro & Food Industry,,Yes,,Yes,,,,,
46,COLOR,SALEE COLOUR PCL,?????? ????? ????????? ?????? (?????),Industrials,A,Yes,Yes,Yes,Yes,,,,
47,COM7,COM7 PCL,?????? ????????? ?????? (?????),Services,A,Yes,Yes,,,,,,
48,COTTO,SCG CERAMICS PCL,?????? ??????? ????????? ?????? (?????),Property & Construction,,Yes,,,,,,,
49,CPALL,CP ALL PCL,?????? ???? ????? ?????? (?????),Services,AAA,Yes,Yes,Yes,Yes,Yes,,,
50,CPAXT,CP AXTRA PCL,?????? ???? ?????????? ?????? (?????),Services,AAA,,,,,,,,
51,CPF,CHAROEN POKPHAND FOODS PCL,?????? ?????????????????? ?????? (?????),Agro & Food Industry,AAA,Yes,Yes,Yes,Yes,Yes,Yes,Yes,Yes
52,CPN,CENTRAL PATTANA PCL,?????? ????????????? ?????? (?????),Property & Construction,AA,Yes,Yes,Yes,Yes,Yes,Yes,Yes,Yes
53,CRC,CENTRAL RETAIL CORPORATION PCL,?????? ???????? ????? ????????????  ?????? (?????),Services,AAA,Yes,Yes,,,,,,
54,CSC,CROWN SEAL PCL,?????? ????? ?????? (?????),Industrials,BBB,,Yes,,,,,,
55,CSL,CS LOXINFO PCL,?????? ????? ?????????? ?????? (?????),Technology,,,,,,,Yes,,
56,DELTA,DELTA ELECTRONICS (THAILAND) PCL,?????? ?????? ????????????? (?????????) ?????? (?????),Technology,,Yes,,Yes,Yes,Yes,Yes,Yes,Yes
57,DEMCO,DEMCO PCL,?????? ??????? ?????? (?????),Resources,A,Yes,,,,,,,
58,DMT,DON MUANG TOLLWAY PCL,?????? ?????????????????? ?????? (?????),Services,A,Yes,,,,,,,
59,DRT,DIAMOND BUILDING PRODUCTS PCL,?????? ???????????????? ?????? (?????),Property & Construction,AA,Yes,Yes,Yes,Yes,Yes,Yes,,
60,EA,ENERGY ABSOLUTE PCL,?????? ???????????????? ?????? (?????),Resources,,Yes,Yes,Yes,Yes,Yes,,,
61,EASTW,EASTERN WATER RESOURCES DEVELOPMENT AND MANAGEMENT PCL,?????? ???????????????????????????????????? ?????? (?????),Resources,AA,Yes,Yes,Yes,Yes,Yes,Yes,Yes,Yes
62,EGCO,ELECTRICITY GENERATING PCL,?????? ????????? ?????? (?????),Resources,AA,Yes,Yes,Yes,Yes,Yes,Yes,Yes,Yes
63,EPG,EASTERN POLYMER GROUP PCL,?????? ?????????????????? ????? ?????? (?????),Property & Construction,AA,Yes,Yes,,,,,,
64,ERW,THE ERAWAN GROUP PCL,?????? ?? ??????? ????? ?????? (?????),Services,A,,,,,,,,
65,ETC,EARTH TECH ENVIRONMENT PCL,?????? ?????? ???? ????????????? ?????? (?????),Resources,AA,Yes,,,,,,,
66,FPI,FORTUNE PARTS INDUSTRY PCL,?????? ??????? ????? ?????????? ?????? (?????),Industrials,AA,,,Yes,Yes,Yes,Yes,,
67,FPT,FRASERS PROPERTY (THAILAND) PCL,?????? ????????? ????????????? (?????????) ?????? (?????),Property & Construction,AA,Yes,Yes,Yes,,,,,
68,GCAP,G CAPITAL PCL,?????? ?? ???????? ?????? (?????),Financials,BBB,,Yes,Yes,,,Yes,Yes,Yes
69,GFPT,GFPT PCL,?????? ????????? ?????? (?????),Agro & Food Industry,BBB,Yes,Yes,Yes,Yes,Yes,Yes,,
70,GGC,GLOBAL GREEN CHEMICALS PCL,?????? ????????????????? ?????? (?????),Industrials,,,,Yes,Yes,,,,
71,GLOBAL,SIAM GLOBAL HOUSE PCL,?????? ???????????????? ?????? (?????),Services,AA,Yes,Yes,,,,,,
72,GPSC,GLOBAL POWER SYNERGY PCL,?????? ?????? ???????? ??????????? ?????? (?????),Resources,AA,Yes,Yes,Yes,Yes,,Yes,,
73,GULF,GULF ENERGY DEVELOPMENT PCL,?????? ?????  ??????????? ????????????? ?????? (?????),Resources,AA,Yes,Yes,Yes,Yes,,,,
74,GUNKUL,GUNKUL ENGINEERING PCL,?????? ??????????????????H? ?????? (?????),Resources,AA,Yes,Yes,,,,,,
75,HANA,HANA MICROELECTRONICS PCL,?????? ???? ?????????????????? ?????? (?????),Technology,AA,Yes,Yes,Yes,,,,,
76,HENG,HENG LEASING AND CAPITAL PCL,?????? ????????H? ????? ???????? ?????? (?????),Financials,A,,,,,,,,
77,HMPRO,HOME PRODUCT CENTER PCL,?????? ??? ???????? ????????? ?????? (?????),Services,AA,Yes,Yes,Yes,Yes,Yes,Yes,Yes,Yes
78,HTC,HAAD THIP PCL,?????? ???????? ?????? (?????),Agro & Food Industry,AA,Yes,Yes,Yes,Yes,Yes,,,
79,ICHI,ICHITAN GROUP PCL,?????? ??????? ????? ?????? (?????),Agro & Food Industry,A,Yes,,,Yes,,,,
80,III,TRIPLE I LOGISTICS PCL,?????? ???????? ?? ?????????? ?????? (?????),Services,BBB,,,,,,,,
81,ILINK,INTERLINK COMMUNICATION PCL,?????? ?????????????? ??????????????  ?????? (?????),Technology,,Yes,Yes,Yes,Yes,,,,
82,ILM,INDEX LIVING MALL PCL,?????? ????????? ???????????? ?????? (?????),Services,BBB,,,,,,,,
83,INTUCH,INTOUCH HOLDINGS PCL,?????? ?????? ????????? ?????? (?????),Technology,AA,Yes,Yes,Yes,Yes,Yes,Yes,Yes,Yes
84,IRC,INOUE RUBBER (THAILAND) PCL,?????? ?????? ???????? (?????????) ?????? (?????),Industrials,A,Yes,Yes,Yes,Yes,Yes,Yes,,
85,IRPC,IRPC PCL,?????? ?????????? ?????? (?????),Resources,AA,Yes,Yes,Yes,Yes,Yes,Yes,Yes,Yes
86,ITEL,INTERLINK TELECOM PCL,?????? ?????????????? ??????? ?????? (?????),Technology,A,Yes,Yes,Yes,,,,,
87,IVL,INDORAMA VENTURES PCL,?????? ????????? ????????? ?????? (?????),Industrials,AA,Yes,Yes,Yes,Yes,Yes,Yes,Yes,Yes
88,JTS,JASMINE TECHNOLOGY SOLUTION PCL,?????? ?????? ????????? ????????  ?????? (?????),Technology,BBB,,,,,,,,
89,KBANK,KASIKORNBANK PCL,?????????????? ?????? (?????),Financials,AAA,Yes,Yes,Yes,Yes,Yes,Yes,,Yes
90,KEX,KERRY EXPRESS (THAILAND) PCL,?????? ?????? ?????????? (?????????) ?????? (?????),Services,BBB,Yes,Yes,,,,,,
91,KKP,KIATNAKIN PHATRA BANK PCL,?????????????????????? ?????? (?????),Financials,BBB,Yes,Yes,Yes,Yes,Yes,Yes,Yes,Yes
92,KSL,KHON KAEN SUGAR INDUSTRY PCL,?????? ????????????? ?????? (?????),Agro & Food Industry,BBB,,,,,,,,
93,KTB,KRUNG THAI BANK PCL,????????????? ?????? (?????),Financials,AAA,Yes,Yes,Yes,Yes,,Yes,,
94,KTC,KRUNGTHAI CARD PCL,?????? ??????????? ?????? (?????),Financials,AAA,Yes,Yes,Yes,Yes,,,,
95,KUMWEL,KUMWELL CORPORATION PCL,?????? ?????? ????????????  ?????? (?????),Industrials,A,,,,,,,,
96,LH,LAND AND HOUSES PCL,?????? ???????????????? ?????? (?????),Property & Construction,A,,,,,,,,
97,LHFG,LH FINANCIAL GROUP PCL,?????? ??? ??? ???????????? ????? ?????? (?????),Financials,BBB,Yes,Yes,,,,,,
98,LIT,LEASE IT PCL,?????? ??? ??? ?????? (?????),Financials,BBB,Yes,Yes,Yes,,,,,
99,LPN,L.P.N. DEVELOPMENT PCL,?????? ???.??.????.????????????? ?????? (?????),Property & Construction,,,Yes,Yes,Yes,Yes,,Yes,Yes
100,MAJOR,MAJOR CINEPLEX GROUP PCL,?????? ??????? ??????????? ????? ?????? (?????),Services,AA,Yes,Yes,Yes,,,,,
101,M-CHAI,MAHACHAI HOSPITAL PCL,?????? ??????????????? ?????? (?????),Services,AAA,Yes,Yes,Yes,Yes,,,,
102,MC,MC GROUP PCL,?????? ????????? ?????? (?????),Services,AA,,,,,,,,
103,MEGA,MEGA LIFESCIENCES PCL,?????? ????? ???? ???????? ?????? (?????),Services,A,Yes,,,,,,,
104,MFEC,MFEC PCL,?????? ???? ??? ?? ?? ?????? (?????),Technology,AA,,,,,,,,
105,MINT,MINOR INTERNATIONAL PCL,?????? ??????? ??????????????  ??? ?????? (?????),Services,AA,Yes,Yes,Yes,Yes,Yes,Yes,Yes,Yes
106,MOONG,MOONG PATTANA INTERNATIONAL PCL,?????? ????????? ???????????????  ??? ?????? (?????),Consumer Products,A,,,,,,,,
107,MSC,METRO SYSTEMS CORPORATION PCL,?????? ??????????????????????????  ?????? (?????),Technology,A,Yes,Yes,Yes,,,,,
108,MTC,MUANGTHAI CAPITAL PCL,?????? ???????? ???????? ?????? (?????),Financials,A,Yes,Yes,Yes,Yes,,,,
109,NDR,N.D. RUBBER PCL,?????? ????.??.???????? ?????? (?????),Industrials,A,,,,,,,,
110,NER,NORTH EAST RUBBER PCL,?????? ???????? ???????? ?????? (?????),Agro & Food Industry,A,Yes,,,,,,,
111,NOBLE,NOBLE DEVELOPMENT PCL,?????? ?????? ????????????? ?????? (?????),Property & Construction,AA,Yes,,,,,,,
112,NRF,NR INSTANT PRODUCE PCL,?????? ???????? ????????? ???????? ?????? (?????),Agro & Food Industry,A,Yes,Yes,,,,,,
113,NVD,NIRVANA DEVELOPMENT PCL,?????? ??????? ?????????????? ?????? (?????),Property & Construction,AA,Yes,Yes,,,,,,
114,NYT,NAMYONG TERMINAL PCL,?????? ????? ?????????? ?????? (?????),Services,A,Yes,Yes,Yes,Yes,Yes,Yes,Yes,
115,OR,PTT OIL AND RETAIL BUSINESS PCL,?????? ???. ??????????????????? ?????? (?????),Resources,AAA,Yes,,,,,,,
116,ORI,ORIGIN PROPERTY PCL,?????? ???????? ????????????? ?????? (?????),Property & Construction,AA,Yes,Yes,,,,,,
117,OSP,OSOTSPA PCL,?????? ??????? ?????? (?????),Agro & Food Industry,AA,Yes,Yes,,,,,,
118,PEER,PEER FOR YOU PCL,?????? ?????? ???? ?? ?????? (?????),Services,A,Yes,Yes,Yes,,,,,
119,PAP,PACIFIC PIPE PCL,?????? ??????????? ?????? (?????),Industrials,A,Yes,,,,,,,
120,PB,PRESIDENT BAKERY PCL,?????? ?????????? ???????? ?????? (?????),Agro & Food Industry,AA,,,,,,,,
121,PCSGH,P.C.S. MACHINE GROUP HOLDING PCL,?????? ??.??.???.????? ???????????? ?????? (?????),Industrials,BBB,Yes,Yes,Yes,Yes,Yes,Yes,Yes,
122,PG,PEOPLE'S GARMENT PCL,?????? ??????????? ?????? (?????),Consumer Products,,,,,,,,,Yes
123,PHOL,PHOL DHANYA PCL,?????? ??????? ?????? (?????),Services,A,,,Yes,Yes,,,,
124,PJW,PANJAWATTANA PLASTIC PCL,?????? ???????????????? ?????? (?????),Industrials,A,Yes,,,,,,,
125,PLANB,PLAN B MEDIA PCL,?????? ???? ?? ?????? ?????? (?????),Services,AA,Yes,Yes,,,,,,
126,PM,PREMIER MARKETING PCL,?????? ????????? ???????????? ?????? (?????),Agro & Food Industry,A,Yes,Yes,Yes,Yes,Yes,Yes,Yes,
127,PPP,PREMIER PRODUCTS PCL,?????? ????????? ???????? ?????? (?????),Property & Construction,A,,Yes,Yes,Yes,Yes,,Yes,Yes
128,PPS,PROJECT PLANNING SERVICE PCL,?????? ?????? ???????? ???????? ?????? (?????),Property & Construction,AA,Yes,Yes,Yes,Yes,Yes,Yes,Yes,Yes
129,PR9,PRARAM 9 HOSPITAL PCL,?????? ??????????????????? ?????? (?????),Services,AAA,Yes,Yes,,,,,,
130,PRANDA,PRANDA JEWELRY PCL,?????? ??????? ????????? ?????? (?????),Consumer Products,,,,,,,Yes,,Yes
131,PSH,PRUKSA HOLDING PCL,?????? ????? ??????? ?????? (?????),Property & Construction,BBB,Yes,Yes,Yes,Yes,Yes,Yes,Yes,
132,PSL,PRECIOUS SHIPPING PCL,?????? ???????? ??????? ?????? (?????),Services,A,Yes,,,,,,,Yes
133,PT,PREMIER TECHNOLOGY PCL,?????? ????????? ????????? ?????? (?????),Technology,,,Yes,Yes,Yes,Yes,,,
134,PTG,PTG ENERGY PCL,?????? ?????? ????????? ?????? (?????),Resources,,,Yes,Yes,Yes,Yes,,,
135,PTT,PTT PCL,?????? ???. ?????? (?????),Resources,AAA,Yes,Yes,Yes,Yes,Yes,Yes,,Yes
136,PTTEP,PTT EXPLORATION AND PRODUCTION PCL,?????? ???. ??????????????????????? ?????? (?????),Resources,AAA,Yes,Yes,Yes,Yes,Yes,Yes,,Yes
137,PTTGC,PTT GLOBAL CHEMICAL PCL,?????? ?????? ?????? ??????? ?????? (?????),Industrials,AAA,Yes,Yes,Yes,Yes,Yes,Yes,Yes,Yes
138,QTC,QTC ENERGY PCL,?????? ??????? ??????????? ?????? (?????),Resources,A,,,,,,,,Yes
139,RATCH,RATCH GROUP PCL,?????? ??? ????? ?????? (?????),Resources,AA,Yes,Yes,Yes,Yes,Yes,Yes,Yes,Yes
140,RBF,R&B FOOD SUPPLY PCL,?????? ???? ????? ?? ???? ??????? ?????? (?????),Agro & Food Industry,BBB,,,,,,,,
141,RS,RS PCL,?????? ??????? ?????? (?????),Services,AA,Yes,Yes,,,,,,
142,S,SINGHA ESTATE PCL,?????? ????? ?????? ?????? (?????),Property & Construction,A,Yes,Yes,Yes,Yes,,,,
143,S&J,S & J INTERNATIONAL ENTERPRISES PCL,?????? ??? ????? ?? ????????????????? ????????????? ?????? (?????),Consumer Products,AA,Yes,Yes,Yes,Yes,Yes,Yes,Yes,Yes
144,SABINA,SABINA PCL,?????? ??????? ?????? (?????),Consumer Products,AAA,Yes,Yes,,,,,,
145,SAK,SAKSIAM LEASING PCL,?????? ????????????????? ?????? (?????),Financials,A,Yes,Yes,,,,,,
146,SAPPE,SAPPE PCL,?????? ??????? ?????? (?????),Agro & Food Industry,BBB,Yes,,,,,,Yes,
147,SAT,SOMBOON ADVANCE TECHNOLOGY PCL,?????? ??????? ????????? ????????? ?????? (?????),Industrials,AA,Yes,Yes,Yes,Yes,Yes,Yes,Yes,Yes
148,SAWAD,SRISAWAD CORPORATION PCL,?????? ?????????? ????????????  ?????? (?????),Financials,BBB,Yes,,,,,,,
149,SC,SC ASSET CORPORATION PCL,?????? ????? ?????? ????????????  ?????? (?????),Property & Construction,AA,Yes,Yes,Yes,Yes,Yes,Yes,Yes,Yes
150,SCB,SCB X PCL,?????? ??????? ????? ?????? (?????),Financials,AA,Yes,Yes,Yes,Yes,Yes,Yes,Yes,
151,SCC,THE SIAM CEMENT PCL,?????? ????????????? ??????(?????),Property & Construction,AAA,Yes,Yes,Yes,Yes,Yes,Yes,Yes,Yes
152,SCCC,SIAM CITY CEMENT PCL,?????? ????????????????? ?????? (?????),Property & Construction,AA,Yes,Yes,Yes,Yes,,,,
153,SCG,SAHACOGEN (CHONBURI) PCL,?????? ??????? (??????) ?????? (?????),Resources,A,Yes,Yes,Yes,Yes,Yes,,,Yes
154,SCGP,SCG PACKAGING PCL,?????? ??????? ?????????? ?????? (?????),Industrials,AAA,Yes,Yes,,,,,,
155,SELIC,SELIC CORP PCL,?????? ????? ????? ?????? (?????),Industrials,A,Yes,Yes,,,,,,
156,SGP,SIAMGAS AND PETROCHEMICALS PCL,?????? ???????? ????? ?????????????? ?????? (?????),Resources,AA,,,,,,,,
157,SHR,S HOTELS AND RESORTS PCL,?????? ??? ????? ????? ??????? ?????? (?????),Services,A,Yes,,,,,,,
158,SICT,SILICON CRAFT TECHNOLOGY PCL,?????? ??????? ?????? ????????? ?????? (?????),Technology,A,Yes,,,,,,,
159,SIRI,SANSIRI PCL,?????? ??????? ?????? (?????),Property & Construction,AA,Yes,Yes,Yes,,,,,
160,SITHAI,SRITHAI SUPERWARE  PCL,?????? ?????????????????? ?????? (?????),Industrials,A,,,,,,,,
161,SJWD,SCGJWD LOGISTICS PCL,?????? ??????? ?????????????? ?????????? ?????? (?????),Services,AA,Yes,Yes,Yes,Yes,Yes,,,
162,SMPC,SAHAMITR PRESSURE CONTAINER PCL,?????? ????????????? ?????? (?????),Industrials,AA,,,,,,,,
163,SNC,SNC FORMER PCL,?????? ??? ???? ?? ????????? ?????? (?????),Industrials,A,Yes,Yes,Yes,Yes,Yes,Yes,Yes,
164,SNP,S & P SYNDICATE PCL,?????? ??? ????? ?? ???????? ?????? (?????),Agro & Food Industry,A,Yes,Yes,,,,,,
165,SPALI,SUPALAI PCL,?????? ??????? ?????? (?????),Property & Construction,AA,Yes,,Yes,Yes,Yes,Yes,Yes,Yes
166,SPI,SAHA PATHANA INTER-HOLDING PCL,?????? ?????????????????????? ?????? (?????),Services,A,Yes,,Yes,Yes,,,,
167,SSSC,SIAM STEEL SERVICE CENTER PCL,?????? ???????????????????? ?????? (?????),Industrials,BBB,Yes,Yes,Yes,Yes,Yes,Yes,Yes,Yes
168,STA,SRI TRANG AGRO-INDUSTRY PCL,?????? ????????????????????? ?????? (?????),Agro & Food Industry,AAA,Yes,Yes,Yes,Yes,Yes,Yes,Yes,Yes
169,STEC,SINO-THAI ENGINEERING AND CONSTRUCTION PCL,?????? ????-??? ????????????H??????????????????  ?????? (?????),Property & Construction,A,,,,,,,,
170,STGT,SRI TRANG GLOVES (THAILAND) PCL,?????? ????????????? (?????????) ?????? (?????),Consumer Products,AAA,Yes,Yes,,,,,,
171,SUTHA,GOLDEN LIME PCL,?????? ?????????? ?????? (?????),Industrials,A,,,,,,,,
172,SYNEX,SYNNEX (THAILAND) PCL,?????? ??????? (?????????) ?????? (?????),Technology,A,Yes,Yes,Yes,,Yes,,,Yes
173,SYNTEC,SYNTEC CONSTRUCTION PCL,?????? ??????? ????????????  ?????? (?????),Property & Construction,A,Yes,Yes,Yes,Yes,Yes,Yes,,
174,TASCO,TIPCO ASPHALT PCL,?????? ?????????????? ?????? (?????),Property & Construction,,,,Yes,Yes,Yes,,,
175,TCAP,THANACHART CAPITAL PCL,?????? ???????? ?????? (?????),Financials,A,,,,,,,,
176,TFG,THAIFOODS GROUP PCL,?????? ????????? ????? ?????? (?????),Agro & Food Industry,A,Yes,Yes,Yes,Yes,,,,
177,TFMAMA,THAI PRESIDENT FOODS PCL,?????? ?????????????????? ?????? (?????),Agro & Food Industry,AAA,Yes,Yes,Yes,Yes,,,,Yes
178,TGH,THAI GROUP HOLDINGS PCL,?????? ???????? ????????? ?????? (?????),Financials,A,,,,,,,,
179,THAI,THAI AIRWAYS INTERNATIONAL PCL,?????? ????????? ?????? (?????),Services,,,,,,,,,Yes
180,THANA,THANASIRI GROUP PCL,?????? ??????? ????? ?????? (?????),Property & Construction,BBB,,,,,,,,
181,THANI,RATCHTHANI LEASING PCL,?????? ?????????????? ?????? (?????),Financials,AA,Yes,Yes,,,,,,
182,THCOM,THAICOM PCL,?????? ????? ?????? (?????),Technology,AAA,Yes,Yes,Yes,Yes,Yes,Yes,Yes,Yes
183,THIP,THANTAWAN INDUSTRY PCL,?????? ?????????????????? ?????? (?????),Industrials,A,Yes,Yes,Yes,Yes,,,,
184,THREL,THAIRE LIFE ASSURANCE PCL,?????? ???????????????? ?????? (?????),Financials,A,Yes,Yes,,,,,,
185,TIPCO,TIPCO FOODS PCL,?????? ??????????? ?????? (?????),Agro & Food Industry,,,Yes,Yes,,,,,
186,TISCO,TISCO FINANCIAL GROUP PCL,?????? ????????????????????? ?????? (?????),Financials,AAA,Yes,Yes,Yes,Yes,Yes,Yes,,
187,TKS,T.K.S. TECHNOLOGIES PCL,?????? ??.??.???. ????????? ?????? (?????),Services,A,Yes,,,,,,,
188,TMILL,T S FLOUR MILL PCL,?????? ?? ??? ????????? ?????? (?????),Agro & Food Industry,,,Yes,,,,,,
189,TMT,TMT STEEL PCL,?????? ???????? ???? ?????? (?????),Industrials,AA,Yes,Yes,Yes,,,,,
190,TNDT,THAI NONDESTRUCTIVE TESTING PCL,?????? ??? ???? ?? ?? ?????? (?????),Services,,Yes,,,,,,,
191,TNL,THANULUX PCL,?????? ????????? ?????? (?????),Consumer Products,,,Yes,,,,,,
192,TOA,TOA PAINT (THAILAND) PCL,?????? ?????? ?????? (?????????) ?????? (?????),Property & Construction,A,Yes,Yes,Yes,,,,,
193,TOG,THAI OPTICAL GROUP PCL,?????? ??????????? ????? ?????? (?????),Consumer Products,A,Yes,Yes,Yes,,,,,Yes
194,TOP,THAI OIL PCL,?????? ???????? ?????? (?????),Resources,AAA,Yes,Yes,Yes,Yes,Yes,Yes,Yes,Yes
195,TPBI,TPBI PCL,?????? ???????? ?????? (?????),Industrials,AA,Yes,Yes,Yes,,,,,
196,TPCS,TPCS PCL,?????? ????????? ?????? (?????),Industrials,BBB,Yes,Yes,Yes,,,,,
197,TPIPP,TPI POLENE POWER PCL,?????? ?????? ????? ???????? ?????? (?????),Resources,AA,Yes,,,,,,,
198,TPIPL,TPI POLENE PCL,?????? ?????? ????? ?????? (?????),Property & Construction,AA,Yes,,,,,,,
199,TQM,TQM ALPHA PCL,?????? ????????? ????? ?????? (?????),Financials,BBB,Yes,Yes,,,,,,
200,TRUE,TRUE CORPORATION PCL,?????? ??? ????????????  ?????? (?????),Technology,,,,Yes,Yes,Yes,,,
201,TSC,THAI STEEL CABLE PCL,?????? ????????????? ?????? (?????),Industrials,A,Yes,Yes,Yes,Yes,Yes,Yes,,
202,TSTH,TATA STEEL (THAILAND) PCL,?????? ???? ???? (?????????) ?????? (?????),Industrials,A,Yes,Yes,Yes,Yes,Yes,Yes,,Yes
203,TTA,THORESEN THAI AGENCIES PCL,?????? ?????????? ??????????? ?????? (?????),Services,AA,Yes,,,,,,,
204,TTB,TMBTHANACHART BANK PCL,?????????????????? ?????? (?????),Financials,AA,Yes,Yes,Yes,Yes,Yes,,,
205,TTCL,TTCL PCL,?????? ????????? ?????? (?????),Property & Construction,A,Yes,Yes,Yes,Yes,Yes,Yes,,
206,TTW,TTW PCL,?????? ??????????? ?????? (?????),Resources,AA,Yes,Yes,Yes,Yes,Yes,Yes,Yes,
207,TU,THAI UNION GROUP PCL,?????? ??????????? ????? ?????? (?????),Agro & Food Industry,,,,Yes,Yes,,Yes,Yes,Yes
208,TVDH,TVD HOLDINGS PCL,?????? ?????? ????????? ?????? (?????),Services,BBB,Yes,Yes,Yes,,,Yes,Yes,
209,TVO,THAI VEGETABLE OIL PCL,?????? ???????????? ?????? (?????),Agro & Food Industry,AA,Yes,Yes,Yes,Yes,Yes,,Yes,
210,TWPC,THAI WAH PCL,?????? ????? ?????? (?????),Agro & Food Industry,A,Yes,Yes,Yes,Yes,,,,
211,UAC,UAC GLOBAL PCL,?????? ?????? ?????? ?????? (?????),Industrials,,Yes,Yes,Yes,Yes,Yes,Yes,Yes,
212,UBE,UBON BIO ETHANOL PCL,?????? ???? ???? ??????? ?????? (?????),Resources,A,,,,,,,,
213,UKEM,UNION PETROCHEMICAL PCL,?????? ???????? ???????????? ?????? (?????),Industrials,,Yes,,,,,,,
214,UPF,UNION PIONEER PCL,?????? ?????????????????? ?????? (?????),Consumer Products,BBB,,,,,,,,
215,VGI,VGI PCL,?????? ?????? ?????? (?????),Services,AA,Yes,Yes,,,,,,
216,WACOAL,THAI WACOAL PCL,?????? ???????? ?????? (?????),Consumer Products,A,,,Yes,,,,,
217,WHA,WHA CORPORATION PCL,?????? ???????????? ????????????  ?????? (?????),Property & Construction,AAA,Yes,Yes,Yes,,,,,
218,WHAUP,WHA UTILITIES AND POWER PCL,?????? ???????????? ??????????? ????? ???????? ?????? (?????),Resources,AAA,Yes,Yes,Yes,,,,,
219,WICE,WICE LOGISTICS PCL,?????? ???? ?????????? ?????? (?????),Services,AA,,,,,,,,
220,ZEN,ZEN CORPORATION GROUP PCL,?????? ???? ???????????? ????? ?????? (?????),Agro & Food Industry,AA,Yes,Yes,,,,,,
